name,username,password_hash,type
Faith Matczak,fmatczak5@yandex.ru,c34a98165b0eb5686c4a1c30b2dee597318d55749c2bc4e61f576c8bbe6915db,admin
Matthus Pavelin,mpaveline@biblegateway.com,6f20459caf83856a04b0f5ae1252eb42a3870a2606f4d4458dd98d738d6e14dd,admin
Rosana Gould,rgould4m@nsw.gov.au,75e8ae7932f186b25bc0e3e0df060c6f04fe3ca06711da9f738784d3f074a849,admin
Quentin Rounsefull,qrounsefull7w@about.com,5da983a83884c44b25daeb6680e7faca8a61fca217ddfc8f725e33bdb0aebe83,admin
Cherish Bottrell,cbottrell9a@bloglovin.com,01e3219943dbcbc8c02b75b566085491f171154647c08b97df38acfa682fcd32,admin
Mallissa Ruffler,mrufflerde@marketwatch.com,b91f67d70afe054dbbc845fe640fc806b77fd278e6636925f31f02fa8d5440dc,admin
Auria Stroband,astrobandgn@weather.com,b1597f498a29140dcb3c1be7cb27c698304ee2200b24db6b2b891f2254b2390a,admin
Worthy Copperwaite,wcopperwaiteii@issuu.com,9f95d9a78b58ae77b6a5aa6563010de8cd93b60efcf6e058c84bafa39cbd077b,admin
Monique McSwan,mmcswanjm@oaic.gov.au,f74be662a5de813b732b559844344776d8a732092f2be45bf26098ed5a0f4db4,admin
Gwyneth D'Aguanno,gdaguannolt@springer.com,ae2f1214e20f92a6cf443e63849b0ef0f8f0edded330b603792d264135f32d67,admin
Obadias Manuello,omanuellom@chicagotribune.com,445e50f9495b94f70d848c03e5d35f1b31f4e29f6594d948f8c444bf1889c1da,staff
Maryanne Yelding,myeldingt@npr.org,eed01946e882ddaaf0ccfdfcc1c4c1b1b11fe19555366217eb237b808ef389f0,staff
Dennie Bolitho,dbolithow@sohu.com,d2adab0213b51057f0ea95344f8b519adc5f9df0b878d8a8226cf866a8653aa4,staff
Elfrieda Axten,eaxtenz@acquirethisname.com,6b5b522330a0891c05d916240ad81f74220fa72009c542bd94361555abf323ac,staff
Yetta Telezhkin,ytelezhkin10@epa.gov,a69ac5b6f4c5ad5fa17c8843f1eabb28df43b51c365b2a9111661f14bcdad02e,staff
Sandie Carlisso,scarlisso11@ning.com,0e12b620b0412f3ff2c01ef13d3c24e951126ca7615d073e9b11c695547e0f3e,staff
Vi Brougham,vbrougham1e@who.int,a99f4de55fc6e518c62dc97eaae6121beede0abe4a1e99c948b5474e6eacbde0,staff
Cross Habden,chabden1f@washington.edu,631870a039aa805ef6663758c1fda8561a4f7cec0bff0d1e4ccb0296de43ffe2,staff
Nathalie Ezzell,nezzell1q@theguardian.com,fbd624737f73125a9bdff96ebf3b45660a9ebb97b1e8db98a4d301bd59d5745b,staff
Giavani Cloke,gcloke1s@yellowpages.com,d07b2b15faec10ffa585ddab12ee2b8ed6410adfbd721cc093eb6269c377a728,staff
Sigvard Bleas,sbleas1w@aboutads.info,bf199646f0ba95aea4d7f9a1d4ea18ec271ee7d2e818a668f12ff7d8b10b9eba,staff
Benjamen Mallabar,bmallabar1y@disqus.com,d4061cb4cf998cec775651dc67baf8c1996bb61e6fd70adf755e3f5ba942e893,staff
Eric Millichip,emillichip2g@last.fm,c08414835e637b5ef2ea0a0186459a174a7f28b84cd928c8e9067a0f007070b5,staff
Reinhold Bamford,rbamford2p@blogspot.com,0a39929a7f674eae4061a8c7627fb7cc4027fd1d800cac14270275ca5d769c7b,staff
Forest Mateescu,fmateescu3e@techcrunch.com,429023e95be78a8dbe4e64b6dec3d26bb1f31cd1b05c3848c93d18f4bffc64e5,staff
Karel Lazare,klazare3f@state.tx.us,d6900f80bc77c65036cbf3ec2baf913d0b8c804a6652a99143c07b438b37d48e,staff
Nevin Haime,nhaime4a@joomla.org,f8eaa659cb947eeda897a9afab8b3f67780188045b0c4e601b3e5ee872d1ed51,staff
Carlene Dorrity,cdorrity4e@cocolog-nifty.com,47afd67fb05c1d4097038ad84ce36a40e9366a6749d724c7ff6d0bbea8ee04d0,staff
Hanna Gahagan,hgahagan4f@sfgate.com,5061590369f0f1058f2e1765ea8b8aa31f7dabbeede8b544e4b556611bc6be77,staff
Arlin Grabeham,agrabeham4n@facebook.com,22ec9d81ab245c3c112a4293828fa76e7aa0ae4253b6c6dffd6b9e0f8cae1787,staff
Decca Batchelor,dbatchelor4u@t.co,9952e17f2595677da3d974766814a8bad6f95bad1a72926f30140c4cd51625fe,staff
Cobby Heathfield,cheathfield4z@boston.com,f4ede2d91fe8cd180202c82ae8a84adb9b08248e2d084dca82f08c733df818b0,staff
Paddy Chaffer,pchaffer53@barnesandnoble.com,04c12c55078a8a2bf136a5a6c7612fb194d6630d582d851672ff1f70d1525fda,staff
Dreddy De Morena,dde55@amazon.co.uk,c671c10cee40f5fbb82bd6eed0226b84f30879a50645218cc52b3483655a61ec,staff
Rafferty Reignolds,rreignolds56@wp.com,47e68c73a1b733688ca0005926428a1ef15e906577d2b524f6828f042fe95c95,staff
Riley Allardyce,rallardyce5a@cargocollective.com,dac9c300226ad6be55ec0868b2a1ba7867d939beed82ce8dcb4dd45fff7d1ba4,staff
Hilary Falks,hfalks5n@independent.co.uk,d8a44c2b30931e726f2de1d034c718d2de416c3ec8f8b5165798c79be5dab6d1,staff
Sauncho Quilty,squilty60@tiny.cc,1d3a3082938e443972e6237a3701dd5718c8d04f58ff22423fb9dd8ed8f0a04e,staff
Bald Windus,bwindus68@nytimes.com,677f21ee517a4c0cf698ccb3c391810aef1961330581b18b4160333e19379580,staff
Colman Causbey,ccausbey6a@uol.com.br,39e3e8d5360a3391da0dbdaa89a4579599d5661bc7338bd9781ad788a4fcdbf3,staff
Merill Gebb,mgebb6f@istockphoto.com,8c1731cecef346178e8af142a8421715d93d1172816800c9242934d72cd05c9c,staff
Abe Pengilly,apengilly6m@themeforest.net,fad5aa43fa0c81e73d4f60c9a06a2a1943c061c6eec88d912876f41c875639f4,staff
Case Wyss,cwyss6w@uiuc.edu,c0c605a5e6af7645444fa310b5b9969e7918e093b8ea573b1681c9ab4c476c52,staff
Amandi Pittson,apittson7f@barnesandnoble.com,3f93988cd3cdd2eca7cd8c5a48c01ff2b9d86ab1b64754916ff76c6f3df7ac7b,staff
Biddy Cribbin,bcribbin7z@ca.gov,8d816a3c956b557cb288b71e81ab93f98ad8a4790ccf1e96c1f3415da6ce77d0,staff
Lisette Vauls,lvauls80@myspace.com,51698c0305b31ba02b686de9427d12a0249bb55ecbe3267f3ede4de1617273a3,staff
Sibylle Ponton,sponton8h@geocities.jp,705fbceb6888fb97e05d91e023816e44ee261bb7ecb2e9698948a9a0a397624b,staff
Derril Coling,dcoling9o@zdnet.com,e4c2944f01a1dbc8549979d496a815ca9502e24b25b65c177e48bb17db79e298,staff
Aurlie Rowbrey,arowbrey9x@theglobeandmail.com,4021a800f7e381f2967e9cb0b1cc2066870d0af779ddf65e71c6fa399e1ce70a,staff
Esmaria Hesbrook,ehesbrooka0@google.ru,5cc5a3d9f342daafbf8e1c087a025e10c572254cf1d6a8bfb3f05941f95e9ab5,staff
Nico Tweedle,ntweedlea5@gravatar.com,dd1fec7166212c4be019b4ab6e6cfecec3d51a2c3d498be762e625a3f6794ec0,staff
Darby Bickerstaffe,dbickerstaffeas@histats.com,fb37d504586de056fc9c3f515f58e9ad925bcb9ea0a150452f15d563d82cf5a0,staff
Risa Bernardeau,rbernardeauau@odnoklassniki.ru,0c0e67b85ff0e49cb76d5b5fb0872742f7f2f79b75904a2ab49d148c3754e35e,staff
Jarrett Bruggeman,jbruggemanay@usgs.gov,0502bfdd37dd5c1433f1c2a2ed5dd6e0da16c78a53158f586f15ecd4b36c5c33,staff
Alexina Mendes,amendesb2@behance.net,07e05a159e3ed64ee7d84a70ae490fbbbb82c17e20ebeadb04b19f4f9cded5ef,staff
Barty Podd,bpoddb8@rakuten.co.jp,03bdc4db41a43a618cac2885143756b208120e84bdebad287267937dae8c81ff,staff
Grenville McEntegart,gmcentegartbc@arstechnica.com,e76e24f3eb5faf03f6342110341b4270e5973f7c2160a491d878b466226b2e8c,staff
Tarah Nisard,tnisardbf@paypal.com,cf380bad1f1ef2091f66fc37ef2df407c438acc087f978c79375e4721e1b0123,staff
Carter Noteyoung,cnoteyoungbq@utexas.edu,ab7f7cdbb91aeab07f1a939f6b8d252ea7f06fcfe0a59e6f353cb261eb3d0d73,staff
Cissy Enever,ceneverc3@home.pl,6ab138a628309ef0811ee05070c234bc71912cf0ad901ea6ee0501380dc279e1,staff
Leoline McLoney,lmcloneyc4@istockphoto.com,23e130958dfd84b57e413e1f5d5bc35912a3966a8a1c88af127266d6785470f6,staff
Ediva Warriner,ewarrinercd@ow.ly,3c9df05fb3fd6814bb2f3648b291e345bd051f1c2518e8208a0235efb7e02b84,staff
Trueman Espinel,tespinelcl@loc.gov,86d3e47e26c1d5f055f38215000bf162884b8a509f2e4a0e99a87d8306408b71,staff
Stinky Parades,sparadescu@barnesandnoble.com,cbca87a8fefe45a70c817134ce3cd62b0b3fb0d275cc78f3dd93aabb7022b580,staff
Gerri Sigge,gsiggecy@blogtalkradio.com,a4fa16d10a4c7ee3c8d6b8b3d4ddd1dff8ce8d0c190df3a0c4d182ddb0aec353,staff
Bartie Keningley,bkeningleyd7@istockphoto.com,06fa6f5e6d82f9d8432e93fc66a626cc110832cee645145c6c185b984f1cef45,staff
Sholom Aingell,saingelldr@ft.com,c048ad66bdc247213f08ce54e1b2daf4df679a1691182e2c0a3594eca91660b4,staff
Rowen Hawkswood,rhawkswoode8@google.pl,7bb4566e33118cd27c0be969a23e1f157e174087b44515024faaf7dccf084fec,staff
Fleming Doding,fdodingec@europa.eu,b7161c97b2c5214d6dcd35131e43ed1b8002d69bcba3c628821a8fdbabc39187,staff
Chen Trengove,ctrengovef6@ask.com,55153ea201dac26098056dbd37bcd4fc6be7f81b3d08a8c1be9a55d336ccfbef,staff
Normie Kidde,nkiddefp@gov.uk,aeaa1517661560af57171df3325a1dca3c85203eda15659905ddb3d8db2b5ae5,staff
Vonnie Clayton,vclaytonga@microsoft.com,26683b328a714a640ccd5d49f5a3b7cc4ed8a1fd815321bab65706c69e1bdc74,staff
Rochester Luttger,rluttgergc@google.pl,568d26f0913262a6ac7ba408251306d60d0127dede3a8cd7efed1dd36ee1e20f,staff
Eveleen Thurnham,ethurnhamgl@digg.com,c69b83df224d5563c5aecd4f4b705aed0159f8f150379a624fae601f90131066,staff
Carissa Gillam,cgillamgp@woothemes.com,0c9be6937a2fd19e58c9719ead6ca7adde43c42c67968bc273a4797daea52d5c,staff
Maryann Kemmis,mkemmisgz@msu.edu,8b87bf5e8ac86f39f4bb2774d2f119d288e13ddb52bc2109e4a9c827fd17f741,staff
Orrin Pawelczyk,opawelczykh2@nhs.uk,87ceb61098d8c97f60dec06b2fbb11e1bc93715ea9160a91c9469e68dab3896a,staff
Delmar Field,dfieldhg@hc360.com,d84b8d8456e281cd5599873a6177681801cc380b042d746cad2500d1f976259e,staff
Dodi Beasant,dbeasanthh@noaa.gov,ee7752e64877ba160cc1298ad62611730dc88f2979a3e547436dace08671b84a,staff
Jordan Roeby,jroebyhj@usgs.gov,cfc3bb94409c6aebd53c782d8e3248bc90287cf3481b842005ff4a7bf6995f14,staff
Chrissy Utridge,cutridgeho@businessweek.com,023ecc2b89539e3cee9f6bde7a2396975031d035a12cf8f30548b638227127e0,staff
Nero Crebott,ncrebotthp@people.com.cn,fe0c38b80fb3be3d7afd364d6368f24c5f05e8d4270a526a02b9ef771d0e3c5d,staff
Janaye Bowley,jbowleyhq@sbwire.com,b8acd9a80451ecab497f46d61a6e15731f27ff17c3ab5137a7faf1ac08ec77fb,staff
Barrett Wigfall,bwigfalli9@theatlantic.com,b4725bfb3bc073d873f528013990232290ca7036284333c46f8d5dc17dcd9a81,staff
Lin Vasenkov,lvasenkovia@t.co,1e766d9efc075d53aac658af3943edfdfccafcd35addb38bc60f78486afab4fe,staff
Ned Poletto,npolettojn@livejournal.com,c10ecf1cede13c63d779e9025c3731fb8b95f7e1caf0b3771bbe471d21659129,staff
Ivette Boyington,iboyingtonjo@behance.net,e7667c29944d6b23d9a63f773632c9371e161ad1d639236547d7c030a05d5a1d,staff
Rebeka Kornalik,rkornalikjs@t-online.de,29758fdf33f514101216fac18c1352c1f5f08fdfdd4ff5b87aeeac00d7587a57,staff
Jacobo Livings,jlivingsjy@bravesites.com,2cb4172a9fb5b19b19936d76d4ed52a9ef0abe12483ea531e3a66d0852e02788,staff
Brod Buston,bbustonk1@illinois.edu,74d3ae376e6d7a06298dace47bc39ed809706647f73ee1c1cba7b6fdbd64ae27,staff
Holden Hynes,hhynesk2@webeden.co.uk,24d2328533342a3c9156389c11000f9021fda5e221f1d7e0a6d4af1ac6469fb8,staff
Ephrayim Bousler,ebouslerk8@chronoengine.com,0bdbe8378a3f7e2aecb06c672aff377528ac33962d515e858717ed48b091e45d,staff
Dacia Robelin,drobelinkm@jalbum.net,d21345c0eb18d1647124436552956ae856647c083d0e093ac84d3dd10af00502,staff
Thedrick Couldwell,tcouldwelll3@bizjournals.com,e2fa62456efdbaf580491e64067bd8ca9aaff9aa1fe44ae6810b8cd9038609b0,staff
Myrvyn Stilling,mstillingli@samsung.com,11e1b7b82f77c8b1ef0d57a04ee966df7fc92f34af582cd5bd700a119fdd0ea4,staff
Nerti Rubertelli,nrubertellilo@dot.gov,14a3d74dbad3ad32d82dee4a88b14e10e4fb20edc1128380054ce6b959e885ca,staff
Annelise Kitt,akittm2@oaic.gov.au,d3a6a98ff6fc15eb053d36fdda1e0faabab8f5d3a486bcf9cdd8298c954d3cdc,staff
Nevins Bostick,nbostickmm@bloglovin.com,83903d171d008a9b0b46ca8874033d31ec7edb978540cf5df84d5b496b0e5a19,staff
Malanie Leslie,mleslienf@rediff.com,9f3c462e124681dd7dab4f3bc7e8aab69c9b1a4faa8feb618bf0579aa20e5de5,staff
Rourke Simmig,rsimmignj@youtu.be,204073e6deeca76a7861e50913c29d78fbed56b140e9c9f50a1259d8a93f4919,staff
Louella Butteris,lbutteriso1@simplemachines.org,a2ae1664d4977dff40ba72eac508a38cee82405b536be8178e1dd8b228dc5152,staff
Ana Smooth,asmoothot@domainmarket.com,03c8f8a3e881eeefb8c93dc36af81780337cf4fce383002df6e94201f6a78c77,staff
Orelle Vinnicombe,ovinnicombeox@reference.com,62d05a87ee41f50e0796f88f8fcf97a95089b36a995e216e9a554743f7527299,staff
Mylo McDarmid,mmcdarmidp1@addthis.com,70df46aaaf289ea1701fb7569cc9944926dccd8ff24d3447f4071e4db0bb7c18,staff
Shalna Covington,scovingtonp7@desdev.cn,7ce957aeac7e95bbd18c6b8925626b9a8d51242510a1bd1fb878e658b412af4b,staff
Jana Beane,jbeanepr@bizjournals.com,e3a069abdfe8af2761726a56b86d96d0ae56ece7822caa493d26ca3feb4f6244,staff
Woodie Kobiela,wkobielaq2@fema.gov,775686655f4eb4346b67d97c431336b86eaa641ee2317d58fc412404cb235584,staff
Nicolea Orteau,norteauq4@hibu.com,e9adad7f3cbbc51c668a40d0cd0d9b21d9c2549aeb8c278b105bc081289a0367,staff
Gaspar Shillan,gshillanqj@timesonline.co.uk,14a0cd5a75e2145314df34e05c897c200c6fab5d7896675b019a6598621fc2b3,staff
Lindy Girardy,lgirardyqw@nationalgeographic.com,58a5a3e4fccc3add017cba7c92df6160648638ed94a3fe866d64772497847806,staff
Craig Greim,cgreimqx@hp.com,79007d14e9c4dd483df2cd28ffa509b7e0ca2b53fe405c66c90bc236725239af,staff
Kylynn Mc Queen,kmcr2@mail.ru,fca72ecc7eb2559778bc07c4f6f49febfb67793bccd1a5fece86f2f737f34c0e,staff
Melinde O' Shea,morm@delicious.com,62134ba345dfb61c121e3724b6e18230c3381fdccf5dec0be9254dd10210b73a,staff
Niles Goodsal,ngoodsal0@myspace.com,1e4d2852195c138bf11ded77d53f9adbc7785f68fa3238692bb748dd103c47bf,student
Aksel Seleway,aseleway1@elpais.com,72e900a7e4ed474ac6194c76d2aba941a53e14b16bc59538e8d29ea7de29e01f,student
Shari Cargenven,scargenven2@shop-pro.jp,e86af645619d2b38ff6944d37671da7f45cb4e23f6616664a85b4848ff5ca1a0,student
Frederick Jorissen,fjorissen3@skyrock.com,a9368b050c0d170820ccd2dabf42888b3f87916d64f489cf6dca66a58b91fde4,student
Sonny Trengrove,strengrove4@ox.ac.uk,d050f08e224ad3b2ffd611839b98c47088d10cba4b59d2ea775c705fba196e6a,student
Nicol Betonia,nbetonia6@mozilla.com,0f48efa7e15e309692cfdad755b1d49caa6e9ba4bd300e5321467dbdec5fdae1,student
Theressa Godball,tgodball7@51.la,8ee9956972e0f05b3ad8d7c0a401f542b367b0e8e0353473ce8828e0766f243e,student
Elliot Roft,eroft8@alibaba.com,2024162f1ec271a508c7f61b1bbfe85f3ab3f1118d022ffcd9561f9a89bd35aa,student
Romain Kofax,rkofax9@spiegel.de,7c40969b0c3a9882a18bbbd0f1285d2fc8be9f6fcc690022c60e7f4cbadc968e,student
Daisy O' Cloney,doa@istockphoto.com,0c1142053be44dd4c2142f3406a98c5f211ee7b6ff74c4a50483f453a8856091,student
Rosalyn Dodwell,rdodwellb@over-blog.com,a0a3077c1131d80bca855919f758fee096789ea2e4734568a5141c2dd0ec2d19,student
Cordey Beall,cbeallc@4shared.com,ef987c52fe29d03fd3fc15ff82d479852170a2c02c17f904e01acfa2d6b00330,student
Sarene Androck,sandrockd@google.com.hk,eae620a9d110efd5479b10cfcd01d5b961c569f3351d394cd096cd3fec19cb05,student
Darcee Dearth,ddearthf@1und1.de,ba35b2ac341c9b903101a50d391c4af3251e7d980bf0d290d7ae14129d51d404,student
Julio Gail,jgailg@reference.com,053d7bc599ed2c988f46da5cc1204117e5bc2ec32b02666633bb1a325d86cd46,student
Lurline Aikenhead,laikenheadh@printfriendly.com,5f8705bf4240a631750f74e92c885de54d08d6654bc7799fdd0e2f02c80c84fb,student
Yard McRobert,ymcroberti@latimes.com,0ac213bdb23f65e7d72da597aa089cccbce9dd330e13614d7e843c7e7a15ece2,student
Carine Baden,cbadenj@linkedin.com,ab8a8c0ee6e568c410a34d457c8a5fd3f74ec3e0620ffebfc052f4bc44bad1cf,student
Issi Dutson,idutsonk@typepad.com,3e38107b56014584adfea7d839c666ed9f3b65bd7d5100866d2d0de471fd9d87,student
Brandice Taft,btaftl@home.pl,9c7b3b8d24705c4bef300f78ee6779369b24829b863741a309df1f18083e0a1d,student
Curtice Simoneton,csimonetonn@yandex.ru,733508b3ba24df184d008b3f3925297f74d4e938c9d50ca2cb269963d9266149,student
Marietta Crapper,mcrappero@hc360.com,5ca64be8d2810c4c0e7770acd6014d39844822232ab22769b24cdf1463bb374d,student
Allison Paulo,apaulop@desdev.cn,d0a465434fc8a0ed3fee60ef3c7dc5ec5deec7ae8484c7dd80399d1dfa3de2f3,student
Terence Ourry,tourryq@marriott.com,b884ced584989da1851dc76a86d855c189dfb09c948ba9fa79dc22ddd98c4b11,student
Maren Oby,mobyr@blogspot.com,a0aa73f6c42ff2da56f5d158566aa8de435424513a77bfc853afb51bab4b60d8,student
Hewett Tue,htues@creativecommons.org,ad817f680b8e7f630286edd489441ae88c7e242bb42e15c9a79db597c9c71572,student
Damian Chilton,dchiltonu@skype.com,e0b0f5766d8aee420a01f5607ad18feb49951908b99998597f8cb645dc11a4a9,student
Ted Helsby,thelsbyv@pinterest.com,c9fcbd7e4389b7ce18defe0ca64a1cd1575ea2ff7bf4ff7b379effb67eddf9c6,student
Lolly Fellona,lfellonax@clickbank.net,1a362840b6dd6bbe30a83678f4fff6aa419a0d00a33c23c589bd913b6c0cc648,student
Robenia Conquest,rconquesty@europa.eu,baa92a99aeac0ad22f2fff054631153e7a7130b27142d62ecba0aa805fd47ea3,student
Allard Carwithim,acarwithim12@pagesperso-orange.fr,43d49f4ffa558b693103a9a5075feb9701e4e998d05cce16f6b57e84d76d090b,student
Stanleigh Paddell,spaddell13@edublogs.org,0f9fe111ece252be2bc7927779b9f2486e1528602339640ee4691791a64c1471,student
Aldric Stow,astow14@mozilla.org,902f4e6893e0c57a0cd137ad9560832e8332c50b878391e4ea2093ec28f541e8,student
Oberon Balog,obalog15@nationalgeographic.com,14f05aa1e8211e51710dd8edd78a7157a8097aae02f801b16dd9f845d91f409e,student
Ansell Klamman,aklamman16@springer.com,ee5158b51eb4072ddf7a92fb7c95bac7054f665fb3fa9ff97b67cd79caa7198d,student
Jennie Tsarovic,jtsarovic17@fastcompany.com,3de7cc6d8f751c48aed668a94cd5544d8af1629f3475c8eeda289be279f0fbc9,student
Cherye Rayner,crayner18@storify.com,5d9ef8f12069fc45598497750bf075fa4e03076619e8dc9760667a00d5ce3e39,student
Blondie Chomicki,bchomicki19@cbsnews.com,bdb09fed0d7390d0a40dbe6064cddbf4b4bc026a537376f0a549772f3cacafbf,student
Twila Bosch,tbosch1a@redcross.org,571e9cfd30b8a9d729fec9894365f115b26db6d0f036d456db7de006f92fe3b6,student
Edy Pheasant,epheasant1b@ox.ac.uk,662a777ea7a77e99e91bd483b8cdf0c7b141167e37613732175dd29584495c98,student
Nicky Simpole,nsimpole1c@spotify.com,5d6d03b4ac9cc3030965467a2977448953cec915771d89112dd2ad75ac320907,student
Alfy Isac,aisac1d@simplemachines.org,3e9523079266d106267bf2d483a580054e413d7366e001409ca21bdd7ff38d93,student
Thaxter Lebourn,tlebourn1g@bandcamp.com,526ca47bbae6203dbe7b003a2bf7bf669efaa37574419fd949076cfe3f933a53,student
Hershel Soppit,hsoppit1h@cornell.edu,5653bc0e4a6b85d698d121dde64a8b396a0bf716ce26e1aff64b630ca3a1fe90,student
Garwood Duckels,gduckels1i@themeforest.net,c88e559797953d77806873ca0c6bf48bd3169e6a2ec6a09f27107d044c2b9085,student
Fax Babbage,fbabbage1j@angelfire.com,57100ed3ba640837e8be7e22d478ebea8ad8171ab433897ec1ebaf3c462db6eb,student
Kaycee Larking,klarking1k@elpais.com,44c01de2344bd1e7a16ccf3cf21450242fa479187d50d812959d67a02119b00e,student
Gleda Meritt,gmeritt1l@xing.com,acf00e0d12c00272f35d15c42181a357bf81d221f42c7c2b644ed7f5cf199589,student
Lenard Bussey,lbussey1m@technorati.com,89bccd98dfbec69b67dd81aa311b3a83256589f3d6b2c6326d771093ea5c944c,student
Eachelle Forsdicke,eforsdicke1n@nasa.gov,742977708267ddd241a07649188aab3f786c1c1f21027d0ce5765540d1a01245,student
Carl Poynton,cpoynton1o@mlb.com,4f2db0626bb2baf629a2ff0b08b1ac901eb461075de5ec5e4603d42860fb027b,student
Brunhilde Bruggeman,bbruggeman1p@walmart.com,a0ad67240a4645f1b3310f2795838d9b4ab9fdc4e51a5dda8b880a7524457fa9,student
Jessee Whybray,jwhybray1r@fema.gov,c1086fd7d5ac434e80b768618c35d4ceba3ef617f9d211e7bb982a9d9ba45435,student
Salomi Shortt,sshortt1t@engadget.com,c02ff0421cdd8cfbb9b22e2a4a89ef064f3cd7d32b78d9e18e1fbd5aeacbcad6,student
Ola Minton,ominton1u@squarespace.com,f0e1a450e8b714318453f7721abc1001273d735f22ddab6ad223d16f7495d5b8,student
Mariska McIllroy,mmcillroy1v@dell.com,d161a65c1c6c4e14ff685e6815fc6ba3e6b611ddbdb49f9eccae9ac509a541e7,student
Carissa Le - Count,cle1x@cbc.ca,72115e10788a976ea27208d12bf0759587aa44bdd4d57be970c5d59548a595b0,student
Vannie Warlock,vwarlock1z@github.com,5bc43ea0145c7ff397ab235c2e3716024ce9924cdb5d3a48512dcbda53b6cb92,student
Casey Ewbach,cewbach20@spotify.com,d4cb67175a8d1772fb33e1f6ce173882e1ac3049e0e5ef8bee202e52c6e2350b,student
Christalle Stockman,cstockman21@slate.com,122d66d6bf6cd8078a0466b191fcb88932568f50cdb76fefdb58fe339dddaff6,student
Jade Greschik,jgreschik22@slate.com,9bf17418c76f4923455f240ea86fea84dde87ce746a5ec6aaa9c827d6debadb3,student
Ciro Fick,cfick23@friendfeed.com,0430b1dc1a3507013327771fd04a4e462b76bf77905f66ad5b6b9af74bf512a9,student
Howard Champniss,hchampniss24@meetup.com,e4c762d207cf1b01c8ad76f0eff0446195851bf543e8f45bca463a1c2120bbe5,student
Ragnar Elsley,relsley25@alibaba.com,9b99311d1d0947d2e38df16707bbcc57b3585bd79e24c7d51d050d2b23a22bad,student
Feliks Simms,fsimms26@cdc.gov,75061d1baaa57f44a67f0505fce9c414e4cb74dc749de4249dc6f14bc3dd432c,student
Ashil Cappleman,acappleman27@sciencedaily.com,b82a3b6f57fc9e3e70ab7f92430701f3e4e58dc297c563a2768412174ab97249,student
Liza Minihan,lminihan28@flickr.com,7118da020aa5a83af9aa90ac08fb3041b59a9d47573f994a77c97829b73ca00e,student
Ileana Dyble,idyble29@unc.edu,024e211f6efbe385d5d41de793fd006c13d63e827099dc7e9b3181af019732bd,student
Ursala Resun,uresun2a@wiley.com,266bd11e57c10c7923b92c8ba10d6b220bff23dbd3e28df2088c693a44091b3a,student
Sindee Ferrier,sferrier2b@vkontakte.ru,475c912e51993f7baf0e8e7fa29ea64e57a9a60a3b08b08c2580269af57c9099,student
Huntley Flawith,hflawith2c@psu.edu,38865667ec408f95c8472345f3465321b316e88366e8dddae53bd28b8de050d2,student
Ashla Flips,aflips2d@businessweek.com,7f550d68ba31f2441bed237c6c25ed3941116caa019362f28d825bfb7b4a56c3,student
Caesar Petry,cpetry2e@usa.gov,d5de4260f421f4994a8a40e38af1d4a9346276fe27bb669ba853e63df647633b,student
Elisabeth Le Leu,ele2f@prweb.com,d2d5aae9a87a8720b6ae34ad7c4bb47238ae64377424a45bfa2f0713640eff61,student
Fancy Olkowicz,folkowicz2h@fc2.com,dbbde5724c43c4842f0beb3f4b0af5b671ed9ba60fbd11eb2791c2cc9a8853c6,student
Cecile Guiet,cguiet2i@alexa.com,15298b86f82b860ae6cc7efff8eeb6692d76558ba999449199177470ad836858,student
Ottilie O'Donnell,oodonnell2j@about.com,a3d1ea8a7395569ec4ea39ad57a963e1841bfb3a7dd6b81c2bb27be41620a0ca,student
Jacqueline Blunsom,jblunsom2k@bloomberg.com,b2dab844a907f76906ee82d45fd29bd153bf2c2b1671841a43a2465e4515f9f3,student
Ravid Hatcliffe,rhatcliffe2l@usatoday.com,b41f85489425453c5cdc69fb63a989d2396baa44f1b8599c0a12b5568557b872,student
Hollyanne Lude,hlude2m@purevolume.com,42ed2730547ec790bfb1f2d12173cde4be5ca1e33f732735e8b0dd74a579ed59,student
Merilyn McGrae,mmcgrae2n@last.fm,1e90329cb19cca7586c958a96c9248d9e2122bae9b46badaac730ed1be729fa3,student
Batholomew Ludwig,bludwig2o@list-manage.com,aa12dbb613d32065ac4beb90e92652f9ff84553e915443c29329fb2863183a33,student
Cristy Gilhooley,cgilhooley2q@uiuc.edu,99ea80d769a3bb3ca88fdf64a370680a1627f235062bf87c93a9d8d53fefa5ea,student
Reagan Curlis,rcurlis2r@cafepress.com,888bb5c592e4f84ee13778e69743b9f1425d611ce2e6c43eea405eb6e0579bc7,student
Rosy Brendeke,rbrendeke2s@theglobeandmail.com,ad7840ccaddee4be4f94451c3d34803aa2427bc5086670c95dbb47651fbd1237,student
Manon Lyfield,mlyfield2t@hc360.com,3a5c307b97be72639794db90ee5c50bdb2ad273d8a234fb3e12ebfb448df5d97,student
Harley Ritzman,hritzman2u@fema.gov,6c9495ff687de0eb7b2a286d2211d47a9b8a1552ada61d7b5099bf1fd1477a5d,student
Cordell Caldeyroux,ccaldeyroux2v@sourceforge.net,afaba6d25cbc8b280971b7c8f2fc74f82a54052c104e1e480ea47c013b992290,student
Lindsay Chance,lchance2w@joomla.org,0c2716bfb6b77fbf4feb79f4260174d0282af66b84476c16888c44228f2638ab,student
Kizzee Bantham,kbantham2x@intel.com,2f1dc81e480c22a92d9c2e3d7c03c08c1158eb308ec0181e0c08ee1358ab9767,student
Boonie Rogier,brogier2y@ning.com,720dd2ffc6668b1d180de102cd575d7c7ef95af9aa0dca25a7629908786b99ce,student
Ezmeralda Lawlor,elawlor2z@360.cn,4713f8e97c5dba0b55e9ab67cc548ffe0b83223e856ff1efc653809adb2d0e6c,student
Bunni Gier,bgier30@nytimes.com,eacaadd2837c402ff018edba3e8caa8897bd2d63dbc01d215ba5e9f63991b7f9,student
Gardie Burbidge,gburbidge31@webnode.com,169039a9b1a3c917a7c1d6f286773eca5c1848f6b1e6bfb2db3cd2e9deb241f3,student
Nollie Tillard,ntillard32@irs.gov,501ffc830b27b1faaf59791e472c9853f59d60bec57e5a28fd9629dac53b5d7d,student
Jone McPhillimey,jmcphillimey33@clickbank.net,0ceca4bc6929496666fc44b96de214c94e2db005a7eef4e4c3610da53eadac69,student
Alene Canner,acanner34@cafepress.com,275041b3a589e75d95caeca7721133c147138310b3b04bd4bf929192d699b787,student
Karlee Aizik,kaizik35@1688.com,2096bb8fe6538ab1bc486452d93854bf275a823e1e545f7e0b73499ec486f2f4,student
Kerry Picker,kpicker36@tripadvisor.com,d5423b076ca9c11c58152c1314601938e291101aadc5ca506fd2f89f0df65c1f,student
Durante Paler,dpaler37@oakley.com,baff1baa080375c0273587e0b990b4439ece35e7c2b45f9f4c9c133469064695,student
Law Yanyushkin,lyanyushkin38@tamu.edu,3364f05158d9eab3252e6fb423864cdbe1a7b50330ff328b55f7b822b891f9e6,student
Gare Oliver,goliver39@newyorker.com,926ad1449a230aae4dcd07a4550848502a8f5ea870b2c4dd3298109a3853dec7,student
Pat Trevna,ptrevna3a@narod.ru,4c447255ae93d9bccec1fcf78f1506b814e565041e7b8c5bfa123265763cbc2a,student
Wally Hrishanok,whrishanok3b@domainmarket.com,10f21cc809f8e2b0a942cdd8e6f0c239153a2d65e302c947089e7f1dfec4eea3,student
Alexina Gianninotti,agianninotti3c@devhub.com,52246363c405ab2f58e842b21b57690b6ede8edcdcd2214665b3060828cb87b5,student
Margeaux Brunsdon,mbrunsdon3d@indiegogo.com,35919f206964b457ad9082cd8fd96daeae7b471ca208c8e8554c2474940e7c89,student
Zachery Shuxsmith,zshuxsmith3g@guardian.co.uk,cd96e3f9030e47093afe450fd94cd5edb8be849425a16dd2b4cf2cb787c8db64,student
Marcel McEneny,mmceneny3h@europa.eu,3731f9ae092777a3e1e3be860caa81a64d5336cf7c6e1acd1b60fac83dba09cb,student
Tommy Geertsen,tgeertsen3i@examiner.com,12a2301e34c1ebb5ab56a04256a6d418c07da5dfe620f9d4e16984edb1cfdbb8,student
Wernher Ault,wault3j@livejournal.com,8731b4cff144f6033c849ec3a7252db88e50bdd562e3cb8226773cc47aca61f0,student
Angelle Provest,aprovest3k@free.fr,5fdc2f26460cb8b0ade931013370ab83724471189898d9af095eb41cfbbd3af3,student
Willie Bracchi,wbracchi3l@discovery.com,f4a8499b4d404dcf08469991a4e1346e1e05631af32d0e1a72e3f09c00438b2d,student
Johna Kubu,jkubu3m@google.com.au,5540879d594de4bb7d31d37d84b630cc341d951c192d05a7b1d17ec44a864d73,student
Clim Webling,cwebling3n@independent.co.uk,a9e3b019685a082fee56f64af2ccda965236623803f7ca7d5d3e6245084cba15,student
Fidela Mosson,fmosson3o@amazon.co.jp,4fac8ccd324a8db214cec2b503be106cee2b16d391df7e32789083cf4aabc3bc,student
Rowland Poyntz,rpoyntz3p@paypal.com,220799b9fc8c9e9550cd25271ba3fff7d6774350ed7ed29e1ec72a021e0d7391,student
Babbette Carloni,bcarloni3q@dedecms.com,baf107e1a85498523cd98c2e9974260f474620707c9703eeb31ba6c7c9a2d448,student
Say Cristofol,scristofol3r@huffingtonpost.com,03a6aea73555c6c6dde02a54ab1b4d00e52e57d3187d1030a7281a0ee15d4aba,student
Hilarius Cotty,hcotty3s@unicef.org,c82c0bdbebc0cc24d192924239d09d753956d5825887cc61a23501da27563bcc,student
Melicent Izsak,mizsak3t@who.int,c31ceaa0f8fba16e8c09330b03a406ef0bd03748e4c6ab8abb2c0bd7a77200a6,student
Hammad Viscovi,hviscovi3u@google.fr,b04a2e3e1b44b9b9a09b61ce4e643edb2e35f36450164d168dbcea11515ac612,student
Adler Ahrendsen,aahrendsen3v@qq.com,acd13e77829fc3db062b79fd8cee5a92a524eca654f57f1970e8316a021bf21b,student
Herbert Inglefield,hinglefield3w@wired.com,0bbdfa4e8cb47d36e316fa24c21e8b7d37b8bcb201f97e2f3d973c093599014b,student
Ikey Scarasbrick,iscarasbrick3x@networksolutions.com,fa24187ba43349b5d5860497f3f9f4557ceb642fa1e3c04c268136105c72e7e3,student
Kele Humbey,khumbey3y@va.gov,cbba1a448c576b9f5bcb99af27116a0015f2333648cc9585b480135c94f5f00b,student
Saudra Cordes,scordes3z@netscape.com,204908e646aadcc3a610b9a97f657b151174c77b977b50dee0951947748df70a,student
Cammy Brooksbie,cbrooksbie40@un.org,c30e1929f666306e6b0c9fd87fcb87eb3d31d84efb6afc3af00e9bed5f7c85ce,student
Alyse Jaquemar,ajaquemar41@clickbank.net,39a562208b4d7d7620cd3f45ad59035639020a1e4b1c5bb6a67385fae09b9489,student
Matthieu Titcumb,mtitcumb42@acquirethisname.com,15c73fe068a3a544ef3f9bf82ea27a0ff4d49bd4752911b8861871b5d5e7c591,student
Marcille Elder,melder43@quantcast.com,a63336e6397b493c855fb2538fcf9e8f4f943e78ac31e7ccba5bd5598968b27a,student
Lanita Martyn,lmartyn44@apple.com,bb5276cba837ad458072d937ffa774df999944850adc2f88af96296e35a7b258,student
Shirline Pharaoh,spharaoh45@sitemeter.com,8dcf3dfb6c4fd5601a212f5782501e9da3c78319d3a60cd4035dc395a85f81b4,student
Stephannie McReynolds,smcreynolds46@istockphoto.com,f46c600f30bac52bb6047af2a6b3492b940815a97bd91df2a85c101600056015,student
Reinhold Ashwood,rashwood47@dailymotion.com,a5ccdd92275b2c2abbd109f0d8877865064981f8d5ab6afcd057a58bdb867c88,student
Nanine Mullinder,nmullinder48@youtube.com,772cb700e2962a3d7d085e861534bd396c66385f865858f3d0319ff86aff90b2,student
Nicolis Stepto,nstepto49@trellian.com,e2125e18114fe9fc7fc84cfdedbbdb7198538fe65d08094553f3324777d30e0d,student
Loutitia Allawy,lallawy4b@bluehost.com,b029522a78677608c7a373bcd0c30552c8f3e9e7e6df7b5f4628f9059e283fe4,student
Shela Gumm,sgumm4c@godaddy.com,cc2b3715e35c520a982b928f82e4453e2523b2ba07a759eb983dea2ea3f77dd6,student
Jarrad Furmston,jfurmston4d@home.pl,88bdc6db9162b6dc5c59b408a2a21fbc045b42eaf7992bfed13c0d761431469b,student
Eziechiele Summerson,esummerson4g@prweb.com,0b3bdbb466b1c4d22a17145b293d87ba4b3a3e828732f4b41a9ba7ef76571892,student
Daffie Orgill,dorgill4h@wikipedia.org,e325b08714af8d652ab3144edee040cf804b47db4c012718633fc8a746be87b4,student
Rafa Bright,rbright4i@webs.com,a17182ebb75d2fe8589f167c7ba4e23e1c5485a816ee48dfa9d0f57d5f685cfd,student
Jada Copcott,jcopcott4j@bloglovin.com,1715e5fadbb1657fcb1569fa8c9d60823018e37afb3fd25c336c475a14d3b936,student
Bevan Crosier,bcrosier4k@comcast.net,3684e5d95f09c70ba9a71002ec4f439bcc20c8ffad87e0b0a78c392c8071923f,student
Fidelio De Carolis,fde4l@bluehost.com,9e5c05cc7015ff210ddd4074d02a20d589d7801beddbd1cf300b92167a08fc04,student
Elbertine Skuse,eskuse4o@pinterest.com,2468cdfad20d70a06e8458cc72460ddc3ce3bd46c09b008ae533ef7eb1590835,student
Marsha Worsalls,mworsalls4p@bluehost.com,1b1d05105e712f7609f86d67ce9bf00af201e33a731a4cec7edf21efc0fde29b,student
Wilbur Arpur,warpur4q@nyu.edu,0434fcacd8a341d2b13aca8aab4db03d6da305090f8ac157dac19a7db7e31e78,student
Rosene Coule,rcoule4r@nytimes.com,9f26d8b2b5481d49e1cb91ccc490204c6b90c42c912f9aff3504fd7432c452b7,student
Graham Yardley,gyardley4s@europa.eu,9252d774323cfdd37051fe2554db2522f5168840e6d5db0f66749ca8c0464129,student
Sigrid Kubik,skubik4t@springer.com,1ef6e3db94303bf4f13ed71683b2ace8aeabaf85a0f4af0074c7ddc14bce8248,student
Dina Bercher,dbercher4v@ovh.net,89a42a7c40b473c1734e632bf8cb993fce4e149065b338cb35ec327d34592dcd,student
Sarene Mingotti,smingotti4w@wired.com,9251bc90e72584d9b84660f77436fd1d4511b9739afac2ce19c6f5426563bd85,student
Corrine Jindrich,cjindrich4x@dedecms.com,87c1bbedd17ded20c00816ac0e3f269b3045d1184e3a7a1bad074e07f11f87b8,student
Rosmunda Crichmere,rcrichmere4y@kickstarter.com,7661270ee94ff40b727d87ae00313d21435e1e3f012e2bca11100d9f32619a87,student
Denna Nixon,dnixon50@printfriendly.com,fa19787dc877f8fab4222b1669cca7d257fba3280276dae9d722f5c537a5fe8b,student
Bud Thomkins,bthomkins51@howstuffworks.com,94155f4fa1f053b40c7a99838dd9b440471fcd7b913f0fadb703e0fa1b646f49,student
Gar Malitrott,gmalitrott52@walmart.com,3c1b80ad2742564cf63b4fd6a8bd31f48a6fa1ec4ae4f719a887e218e998018e,student
Mischa Currm,mcurrm54@liveinternet.ru,6aeae320f061eef001a0ad854b3c6aae127e85b1511e8d2a1b37af94f2b0953d,student
Shurlock Ewence,sewence57@hexun.com,9aadfc06a141044da2a180a5098d2930a9f60b13a4a455ba74a8e856251430f8,student
Alfonse Saunder,asaunder58@dailymail.co.uk,5623c0e7395fb8e12b5b7a850baa17c68db73c2601822c14ab4d33fd72a6195a,student
Devy Spriddle,dspriddle59@blogspot.com,9ed3163dc971c7a61d59cc4fab152b7ad220fb826b0bd20f69289caf87c9b895,student
Greer Newborn,gnewborn5b@accuweather.com,e7d2999b6d6c851a938332e19fa29620e00dac1fd260e1c5a4ed72e7cfde814c,student
Wallace Atwater,watwater5c@liveinternet.ru,cd097cdebb9c43134a342320b58b6987581a2d26647d26f58b7575f9db4af49b,student
Becky Bricket,bbricket5d@sina.com.cn,1384336ca8ead3c5776b951fc50927677e36c760dd46996039b5322fddfcdcd6,student
Mercy Skerm,mskerm5e@archive.org,305baa25f1bb8255666880dcd21821443cbb8614d4c0a5f87a7e4956cf661dbf,student
Myles Kilfoyle,mkilfoyle5f@nhs.uk,9c13bf5d618e0f8bfe7737faa31c35367cfe457c43c2b2838cecb6ed283c4fb3,student
Archer Ewenson,aewenson5g@scribd.com,e6a62b805a1ea2a0e3cd91e5ec1d8ad9ed4a04ee6d28004ab69a6b1bcfe49274,student
Philly Glasgow,pglasgow5h@noaa.gov,49ad217f9ad2f0223964334bcd2f914cd20e41615a581966960ff6d0682ca71d,student
Klarika Ivers,kivers5i@ed.gov,2b0bf04f96b0c87586e8617a5a01d717072a6e7b77ad8d286d85e48818940ee8,student
Mercy Crayden,mcrayden5j@privacy.gov.au,bb25ec09fe96c65928af6473b51e4d0dfeb5f8b28f0c308afc6f4a14f34be32b,student
Vikki Stanfield,vstanfield5k@yahoo.co.jp,65a6f8196ac3eca6b01c281e204644bb836b67ba9ee70b29ad1f178d740b0ee6,student
Doroteya Cleife,dcleife5l@hugedomains.com,4e0c01c0534b69a09659a6691f4061f0ade9b823c40076b1305b710bcf15ce6d,student
Roana Mannie,rmannie5m@nationalgeographic.com,debc345e96d2c9dd60734d06d787552da04bd52770a32dc5d2cb2268ea29cbb6,student
Ashla Caltun,acaltun5o@pinterest.com,3cb049c5e7e4d1c34dbe549eefc262c185c42f49f86e93f8bf50205d00255450,student
Peri Ruck,pruck5p@microsoft.com,926a933900c2622c37b21ced903070c11d8d4690aff466352f3466b25e64eff3,student
Cary Goodridge,cgoodridge5q@washington.edu,1dcff239f86ca885a6172e26002fc0ef6df36d39edc1790524633018bc007d8c,student
Sven Niezen,sniezen5r@taobao.com,593aca15a3451ffb95e5ba78e74233fd02061680a642295de590de0d1df036fd,student
Jennica Guerreau,jguerreau5s@creativecommons.org,b370df2e31b64998d851a838fd39864b619bca63632a603efe79909f4c9c7971,student
Hannie Batram,hbatram5t@themeforest.net,41dfce360aa1a4f93fa3342e32177f254dc99b8821e74f4a0b2c7c95b061c760,student
Dewie Semper,dsemper5u@dmoz.org,f83a3d3cb04ca5ee215afa54ced23362588b12d8076bfad0bab001a96532c11a,student
Jackqueline Andrez,jandrez5v@cdbaby.com,bf401724a7cff0494a444c87c63edfb4e963fbf1bc6aceba6636592993abceaa,student
Susana Thoresbie,sthoresbie5w@free.fr,9bd8ff9d81465f3ae8fc031e607f2057d843d7dcb047221b076724b43ac285c7,student
Zaneta Marshfield,zmarshfield5x@hibu.com,cc987d6aa1f3ef8c7d27e2ba27fc00f3604cb8d08c69a51f2eba700ba6124eb2,student
Bili Mattschas,bmattschas5y@merriam-webster.com,eefca2ab0d4fdde18160249eb42253fa32a0b790462fbf3f6b08388d18d8fcd3,student
Brynna Eschelle,beschelle5z@hao123.com,3b1144220db689c72db88ea106c09dc71874b625b3775931c0efd5ca5e78937d,student
Ramsey Farney,rfarney61@addthis.com,d9b00df095b1fc90597a2f57a5b45ab855fe9a127afa6c16f1a4b732c65f1717,student
Anatola Dennidge,adennidge62@shutterfly.com,1cfebe31b7d2b2caaee4ac736084fd14afceee9093c668340404e1497dc54a55,student
Russell Soots,rsoots63@illinois.edu,3699674e5aa6093dc7e3fc4c2864238035b7ef7b8e957449f375ab022ada751e,student
Gerianne Guenther,gguenther64@buzzfeed.com,88cc7a4828c0187bd911c1d1033d92f54a6d7ceadac1be9f2b4003289fd56580,student
Penelope Trimming,ptrimming65@google.pl,d5af7d73fd788fefc61fa0b55c0409edea5f398f30b81ce1856ea4a091d41cf5,student
Nigel Papis,npapis66@symantec.com,4dce56bba89bb30c312334059e942ef10447899c07d3bb02ccaf1ef671dda3c1,student
Welbie Baillie,wbaillie67@wikipedia.org,67f69afcad7d2ed63b3ce2d3e071a7c5ca4887ceac44fa8d2839c2f8210c9449,student
Geri Fullicks,gfullicks69@weibo.com,18ed7895ec4a21997b4bd111a39c830808c27622bf9b9019647caa17574b5827,student
Tadeas Gallehawk,tgallehawk6b@aol.com,89a1bfc673cf818dcfab1901c0d64f8c36f9a1efd2119c0ceecf07ebeaee211e,student
Carly Vassie,cvassie6c@home.pl,db19d2f0b9410f76aa1f857a959968fc6ffad8bc353d09c1a4fc5f6be8ca8f82,student
Meyer Ibbeson,mibbeson6d@fotki.com,934d8367ceb6bd528a2e96f6be364bb08de256e16a636bdae36580fb189b3359,student
Vilma Ellul,vellul6e@360.cn,bb40a22f862476bf43114e867022e17e9bed64585b95d90db7f09f0a576c132d,student
Zorina Lettington,zlettington6g@chronoengine.com,04ff55b286f39ad18cd77cb02414a2f05dab3bbab048952b5d5027cb405a08f4,student
Kassia Baytrop,kbaytrop6h@bloglines.com,e54a0fd73b2fab75ea4fdfa32c78e76500b54fe6a6e69204ec2a1d19d32cf411,student
Thorin Vercruysse,tvercruysse6i@github.com,91c613698abaadd46873ff95a2bac9d0398aa23150c378930088e7f66454fa15,student
Skipton Barnwille,sbarnwille6j@cnn.com,8e3126ce37f22a367ee3dd2403142f3b1181ebfb924418d9dda8c2c630046bcf,student
Aurelia Creany,acreany6k@ed.gov,e20ed825ca052819f7bd6ae1df81ae18aeed3fce03f3cf69927d7c7d4ca52bf6,student
Garrard Mowsdale,gmowsdale6l@guardian.co.uk,b788eb0ca700f385d340cb6e0a7c9e8b6fc5e44a74cae1c6e3f1c6de24365a82,student
Jeffry Yatman,jyatman6n@noaa.gov,248243cae2ae8b4ac124c1208d850001ec6f75a1bff0c801210550b4aa9b467a,student
Jimmy Harpin,jharpin6o@indiegogo.com,8c1fe205d7dd18cc1e3c3874c023519e462ab80e0f457cb5512a54bd159926d8,student
Ross Tesseyman,rtesseyman6p@geocities.jp,e4b83cbf6282afe0666e280acd01024234bf6afd9866f8831cbe4b743f91a423,student
Gabriela Elener,gelener6q@webnode.com,97abd79e7158fa61e78bbf7b0e4eb6543232faa43ecc0f0681533617cc928dcd,student
Fairleigh Lochhead,flochhead6r@mozilla.org,cf5bb4543bac44b4334020ad43ee61272eaaaa8aa915703249f8c69881ca3de2,student
Albertina Peake,apeake6s@xinhuanet.com,961d9395a9290f2fb39d772b4fec1a0d37eecab0a8a798ec50f779b8a6269293,student
Oralie Stovold,ostovold6t@mozilla.com,e43826473e8a5bb6373962b352c4489a44a007c3b90ba2cf09039e8c44b50148,student
Corbett Strowlger,cstrowlger6u@tripadvisor.com,66e8b3f60512351b577c865d4f2a37d155ae6168b27e5be10aabcfac2c1ac6a0,student
Renata Beaglehole,rbeaglehole6v@amazon.co.jp,e7a6d24902f1c35896e8765bc5671d69abfdaf1295c51ae53d82f46dbf384750,student
Arielle Schutze,aschutze6x@go.com,c8d55e5647101406d3ad456506beef3697a4cee5e50fe99034b4c017dd5f60ff,student
Prentiss Siward,psiward6y@cyberchimps.com,df6dd6b5a385e9339546c5a0fe2ca824ef8bac4280588bf8a166e6e442f34e0c,student
Benita Ilive,bilive6z@uiuc.edu,8d5972b2953d8dba5f666ae42db5a085f67de285700e7812c0e929b445eb0d1d,student
Kailey Viccars,kviccars70@networkadvertising.org,3863e121607216ef7441ecb7346b51187ee301e4e92db1c6da0ecb82b48918d8,student
Thedric Kniveton,tkniveton71@mtv.com,28e95d135f0372b43197293fdd63a73332f3529aad5b565cc044bc71c6c4eccf,student
Amby Bennen,abennen72@theatlantic.com,1443f7dd91485656f1d41eddf5bebab467a714249c4d8992088396c0c9441cd5,student
Dyanne Werlock,dwerlock73@salon.com,57c7a5488f02254784485b57f6faa13b13e39bd2c37609fc69dae700f45cbe39,student
Constance Griffey,cgriffey74@cocolog-nifty.com,723ce6b7609533c154e82a89e1d051499e151d99b5a4301ad14877600c087702,student
Marja Briars,mbriars75@ovh.net,5bb256cf11d921501fbeae00cdad4557ce32d005900190959240183bf3ff0952,student
Margaux Bradbrook,mbradbrook76@sourceforge.net,dcb8441e043c2eb90023a1dda6142ec2118a469618d1856dc4ed7229f8dcd48a,student
Karine Muttitt,kmuttitt77@mozilla.org,22ac9cfba3c94958c4d3fc16c7fe038072a5d7a6aa6bbd8316c3591b54d9b085,student
Denver Reddish,dreddish78@gnu.org,6e1f3943c50f4c8fc4f0a5f64d11f4c0b618ba2884834cd075308509aabfda06,student
Pieter Waadenburg,pwaadenburg79@squarespace.com,a3dfc2dfdaee607debfa413074c3f509547763a1da005e5d0d679b703083addb,student
Wilbert Mylan,wmylan7a@boston.com,5c144cbb178ab40ce40bc6c4876c1dda72508cab6371d3d7bb8eb5b7f09eac35,student
Tris Honatsch,thonatsch7b@princeton.edu,8b084c25bf4dcf8827c9f58190c3a87a8a760a305972329391673b0dcf8a4680,student
Delmer Pordall,dpordall7c@virginia.edu,bbccc47b7e18f9ced18c91fbcbdcd9f549bea5371003650885981d5c3f77f757,student
Randolf Leguey,rleguey7d@sogou.com,79e31339225693fa1b03c061015c51fd639d048addb454d179bfbf959bd758cd,student
Donnell Chapell,dchapell7e@goodreads.com,da80a983287d4f38190af5bad475e129cf773d989f073199beedbaf5cbce5348,student
Cleo Matignon,cmatignon7g@tmall.com,86cc2822455d357dcd73e77d45b8d4fbb4ed607e80bb6b71328afe4000a34902,student
Phedra Thundercliffe,pthundercliffe7h@ucoz.ru,a6c1b3cbd068d16a4b5db6d8ef4f1c510fd3c6a52eb6e8c122f96984b85726f2,student
Leighton Kenewell,lkenewell7i@howstuffworks.com,56c12d6d5ab367b4860425a8893bd502cc108a1405534957e7e7af810bb1b451,student
Ema Gianettini,egianettini7j@free.fr,8703958c75f82fd498abd029ce33496cd381d5a84efd081b979782453cf9cbe5,student
Urbano Hadley,uhadley7k@berkeley.edu,ed3e85dc61de6b92dc033c4fcf4ccf3c4b7856b129b8904b0463336aa5b3b185,student
Benoit Rottcher,brottcher7l@issuu.com,8f7d93ce7ed9e768f76bd3f0aee0733d8c099594b86169469b55de043076819c,student
Josey Depke,jdepke7m@mozilla.com,92c7c0f247aa1704fd29a4ebf763026f5b7fe3df5396feb5354009bb5996274c,student
Dyan Pietz,dpietz7n@parallels.com,163be54a741d675d32748ef08243ee0f1d2cad9aca927e1fca161170514a76b0,student
Hettie Kinkaid,hkinkaid7o@exblog.jp,2b4f8b06bec7866f716744d26e91f0f959df04d268f729ea7732e1c1236cc49f,student
Ellary Hackin,ehackin7p@independent.co.uk,3dad02aa6c27312b0060d63e13da5be5bfde880c13d7335dde95c3b22c09ffdc,student
Merna Daniello,mdaniello7q@ehow.com,d70d13f6452660fd143750ffa312c46ff78800d6e16f7d3ffe4da9aef9ceca4f,student
Edsel Miko,emiko7r@theglobeandmail.com,6996754023a9154b5a400ca7805a73f8ecead5ddb2d5b15e5a6d7c4c50deff46,student
Pavla Giriardelli,pgiriardelli7s@theglobeandmail.com,020b0365305d4844004d86a730ee7da3a6ea6cedd0d12660f1e7ebaf6d07f99b,student
Lorain Kime,lkime7t@quantcast.com,82c1b6b856ec6c3f56b6fca930cdf25e4159c70ecf614dcb8a88134cd10a850f,student
Meara Lucchi,mlucchi7u@flavors.me,0d294910a593eb3c28c96949cca0e3882698564ba761d64f72cab4f001ea23e3,student
Heddie Godwin,hgodwin7v@de.vu,c05de57555161e9d70832e9edce9d80dca713ee8dc1641361ca22799fca03cd3,student
Pat Churcher,pchurcher7x@squidoo.com,8d7473011dcacb88bee4a1f7187503336ab717a1d5e8d7654278b241c74bbf4d,student
Vina Skepper,vskepper7y@google.de,6d055a6d81be666e0351eee0a5adfb0ffaa5a92a9919c55331ec0ac5cd00a868,student
Marie-ann Czaja,mczaja81@reddit.com,8f0f71ef78a945ee7dfd91f34c29cccdfd61b94a195fa4923ef04e76cc05c7bf,student
Nady Senechell,nsenechell82@constantcontact.com,186f54935154dd420136673531c8d9d54a4fca01a78ff102ac220d2e1f3f1752,student
Jean Robak,jrobak83@issuu.com,95cbb39ed67d50a0712a399bf91171f3539e2a8e6055a09d154df0f4104d5ce8,student
Kassi Debney,kdebney84@unicef.org,65fe44a4ce912f5b78cee8707930d7a12498f06e91add7701050f3bb5636d1d7,student
Valenka Gilstoun,vgilstoun85@list-manage.com,8b7c92fe9e62e7308251bb9d7138ce366b1c538e9b711e1e5597ccb10c3e8b78,student
Marta Fidoe,mfidoe86@foxnews.com,1bd05276f86f9eeb68292645aa2b8c838fa08d7ce0f3572413fd7d751399988d,student
Lyon Carpmile,lcarpmile87@boston.com,02451c455f08da641408348427fdc4996d96ecab137eadedf50ab142b8cc8d2a,student
Clarisse Langsdon,clangsdon88@fotki.com,4d5e9d741ea1d243218531781ed9f7acf58627ba76d5180ba7d65f71cbbb8b8a,student
Stevie Sprowell,ssprowell89@thetimes.co.uk,4aaf24427b8311465b2a87e72c4c9193131f9c2a7cc4ae21331005b29afd2141,student
Sophie Renny,srenny8a@wunderground.com,970855940734c1dd966e920d943857f4f590dd992815077179599b423d2527a1,student
Emiline Caffery,ecaffery8b@histats.com,d0776c276444c45b3c95f4bb7af7f479e3bedef062e49d65ccef57f677fe7d03,student
Willdon Pauling,wpauling8c@icio.us,42b3d473d493210af6fd81df49ed72f7f04a4245f6ff6bbcfff594bf360255cb,student
Otha Lymer,olymer8d@alexa.com,3490c810e1428b97d3ac537c44e241cb505babfd0c8b2a0be4743fca564d8ecd,student
Dorie Brearty,dbrearty8e@comsenz.com,5ef12826bbb4c55faace33ca4ab4ef947e12c3cba959e0af8fb85597b28a3bce,student
Giffy Ramos,gramos8f@qq.com,a3cb07967c5180aea0eb0c166432db60b88c803f5b09437d45087d97d8948c0a,student
Ashlee Volke,avolke8g@smh.com.au,48652bbbb72b8867c8831c80aae23b095cdb2e9312a3782f8e6f0b0817eedadf,student
Carny Brass,cbrass8i@ca.gov,3f4b729bc529694ad44441b5812c388438c6d67264f009f4077f3c0a4e6f3aee,student
Elwyn Leishman,eleishman8j@altervista.org,9b957ea496ad3909f86d98c50012341826d210172066daf9f2d91819478b3864,student
Audry Allsop,aallsop8k@themeforest.net,51edb50050312bbbaa6c45a3aa25d5fdae223eb79a07ba7b4e2e5a7da6f87a32,student
Elmira Adlington,eadlington8l@slashdot.org,a48ee849d51ee88633725846f9517ec2ed739de2f6f6f624756c8a21a7cca196,student
Cobby Vidineev,cvidineev8m@fotki.com,f86aed6d9685c9d41b74669c0b406a76ead8a2dccdf6cb8a55f0d5566ba89096,student
Hyacinthie Talloe,htalloe8n@last.fm,881337d16ff591d0756c534d65249c6c09ccb0da70986da61bc5b5cbe889392c,student
Dixie Rusling,drusling8o@time.com,86ba3bb68c5dd1d52ae27ef63693adf92a5331f698b0054f23d722d61ce4ec99,student
Avis Gurton,agurton8p@chicagotribune.com,95ea7806ad737d1bb1b4fcf1ef8a06098f3dd67414f9a0eba1b94afecce79050,student
Arliene Whittle,awhittle8q@infoseek.co.jp,3a1d49ca3125c5fa185e1d6a6a03d8ccd789878214978dcbba0c4321567fcb9a,student
Wallis Toothill,wtoothill8r@ucsd.edu,a139b8650cabfab51b7acde74f0de92e4d64f5149be11fc5041a698e0aeaa9cc,student
Cullin Fulop,cfulop8s@oaic.gov.au,0c6f14f1dd7f886641d9ff09a26108437db28f0d44a5cd2b91e9676652b3d9e2,student
Jenni Minerdo,jminerdo8t@google.es,f5e42a0f23f8f23bd78a147d578f6e2df149b7353992d30a14a4ab645df03416,student
Hewett Pecey,hpecey8u@ameblo.jp,448286c6e944b61ec60ee29ac29624e407dd441a5c0f7d357c1b5b4eb73f0341,student
Maddy Carefull,mcarefull8v@trellian.com,81352b938675ccc1ec0206fbeea7451a085ade3bbfa27b3dd0c233e00bc788fb,student
Frankie Gariff,fgariff8w@yelp.com,52ad910da3c32e04799a717348e97a23e0e46c86a6e2ec1e65eb0ab9e7f9f6e9,student
Aldrich Gulliver,agulliver8x@yale.edu,39ab15f5fc4868d8f87362a40dfd58b262f2935f62c4a865b13efbd2922518a7,student
Edithe Alsop,ealsop8y@mail.ru,d82170056e3963c0467512c3f5aca8ff0bd3fc1caf47784789439094ce657167,student
Marcelle Mulkerrins,mmulkerrins8z@sogou.com,5704d1b738e4c0c7dbddced79f825e963c1d06fb976a2591a27e222a28198d17,student
Rochester MacNeely,rmacneely90@mlb.com,f3b23b2ab1bda1415971c482a62694cfbdf4fa9255a15034aa5afc02823a10b6,student
Prescott Scartifield,pscartifield91@wsj.com,56f454d5ce1dcac961e10e0ffca8037b7a76ffc4a2f52007753c8748c2795b27,student
Nev Overall,noverall92@feedburner.com,411aad687e387798c50dab9d61f783a27f2fe717e17e97badde90221e9df2055,student
Alvy Crowe,acrowe93@ebay.co.uk,53f430e21debc2b8503779ef98a0f2988763875352979317c56fa79df1d38633,student
Myrilla Tebbet,mtebbet94@pbs.org,82e3eda19016e783944bbbfcb9ca81050be8052e9aca2dc01cc4e4b937dce3cb,student
Lezlie Veale,lveale95@mayoclinic.com,45ad7cad70bbeb5d52786786f8d82b9d499d08c179f3381d1022e8a3547618e9,student
Trish Batt,tbatt96@nih.gov,76185e1de6ee13e19c568b1202e2e14311a6ca1b1cbfe2f5ee42a4b759c59623,student
Luca Deedes,ldeedes97@com.com,0a885c928652489dd915bade44544f18c0aa815bd6be3a5acb709f8cdfe9a42f,student
Isac Aberchirder,iaberchirder98@blog.com,336272e0e1c523e06210a9c60bda7dbbaa043d2b32cd7434d60c77560bda29f5,student
Adrienne Dmytryk,admytryk99@vistaprint.com,257a33b2717a13ac32fef1822616969a550633e7ab7e7391796ec87665ff4223,student
Rorie Fayer,rfayer9b@deliciousdays.com,f9c258f56001a391eb0cf80a6e21fbfa075774b90e0d145fbe280bf760fe0c8d,student
Colette Slany,cslany9c@hugedomains.com,94d54eb1d3328f0f31fd6b0267f376ecc7f27dfd5d4352479db28275c1dd811c,student
Orelie Lauritzen,olauritzen9d@va.gov,f6d6bd08840a957b051e3127df72e3bfc16252117653c4d3004517e09a8466ff,student
Vasili Hillett,vhillett9e@pen.io,18a07d1d8f3120d9f6d9f87a1b6142e16918b498fb2e66d54bdffeee1cf08c47,student
Kathleen Maffi,kmaffi9f@chron.com,1933744413c3ca4be3457e4fed83c8d26d94d6de70a60b798397cf0934e9ce2d,student
Ida Shillington,ishillington9g@fc2.com,c99e1c83161e5380de9c2b42fd331a8a4edb94b8929392f87850d9fc96187b34,student
Bastien Dunning,bdunning9h@parallels.com,dcd4a2b1ee620e60320c1706a087098e94750f6310bbc1333e5eeea7fb442b3d,student
Iggie Jeannon,ijeannon9i@google.it,4671fd81e2de9c2848a4dc98aeeac7c085e7871b5108754e50f9d9b8eb04beea,student
Stanley Comins,scomins9j@angelfire.com,e8fd122fb7ff95c96e32e07eef42ba8110442304b9e79b6488f0efe0acbe107d,student
Aurilia Dainton,adainton9k@printfriendly.com,97af770c5eb0adc75017a58c25d9ce3610484bbd46e40be739e5405661d31143,student
Malissia Burroughes,mburroughes9l@imdb.com,961059980f50840f9444b5066804379642e880e6ede2ce013871334f21cc77e5,student
Veda Dominique,vdominique9m@upenn.edu,03da77a05fd20f882ea13286c55939d8094d24d33c53395a497dde10f72a40ab,student
Fenelia Stubbert,fstubbert9n@narod.ru,447f06f085fa513ee964874f4066684f3632224d66bad9dd12edb27e49689533,student
Sibbie Agostini,sagostini9p@creativecommons.org,f87f0ec745482529ff30f7b2c9faea3474516edd1311f56becdda7bdccf97b98,student
Tulley Saltmarshe,tsaltmarshe9q@desdev.cn,f3011e42d724d8b6b1ad0ba0d051f4da1bb53f2588203b72ae6feecfd095eeb3,student
Danya Sabathier,dsabathier9r@rediff.com,47053b2945ae6620241926e792d69e5aa73cf132bb3c91e87245529c1bc3d6d8,student
Shaylyn MacIlhargy,smacilhargy9s@homestead.com,8cae418eae4acb8e4b18ad9c542018aa44b3ff647b45d7db30923d0c2dfd2b5f,student
Nikki Tippler,ntippler9t@google.ru,90dbdf86699923f4c225197cc5e739672ad547b4cba2a5e6c680e5727dae6741,student
Carr Claringbold,cclaringbold9u@etsy.com,d1df5504ee1b10f6f2eae6f052249cfba26719775819bc1a2e9904e56192b98b,student
Devondra de Mullett,dde9v@nyu.edu,84f439d17d525eb757fa2fd39fea614ded89b32b8c191abfc74f63bd01ab4e3f,student
Fawnia Pendre,fpendre9w@wiley.com,fdcba7e90c4b1da7fd7902d9fb960a4631268c018cd1255badef937638fb10b6,student
Gates Stutely,gstutely9y@irs.gov,a0d386d8db894b7dd9b469e76d42a5a0c683574e97da6cb1c36ac64c936b98b3,student
Catarina Nare,cnare9z@cnbc.com,890e7143acedff574eaea8cd8b722f069660f1983c6ff63d40b477985369651a,student
Walden Sara,wsaraa1@paginegialle.it,dd5eca4f2ef9e23a745e2d2477c8538d564e31b61e10e4d7a3276a78f7970e5e,student
Mechelle Trulock,mtrulocka2@google.ru,ec180f311684677762b98e4e64c4ace3f4a9cffed4591279bbb9fa7c8a491762,student
Kipper Thornbarrow,kthornbarrowa3@webeden.co.uk,4eae330f0fe7b0d86b0d36b9291c085056f94068754a297d07a014089e00e321,student
Joshia Rewan,jrewana4@webmd.com,d455ba298aa77be39399cd2b5459b5fb3e29292fcbf46a74afac45488c2373f7,student
Mabel Wisher,mwishera6@latimes.com,5b87955121263b0c1b1d01b49e2d318b96401914fcaa4a1fee78ace8b4d5601f,student
Eleanore Legister,elegistera7@jalbum.net,30f6059b03c81b3480a6e1255951384edbfc26e99e756debb3ee68298d243d73,student
Brandise Scrowson,bscrowsona8@1und1.de,b326ba1d1303439c175826f8b4926e0f391fbe844cadf3f096069291d4b8cb18,student
Celinka Goodlet,cgoodleta9@techcrunch.com,7897de71f94c617332737601b250bf0e0f67b87c3b28cc6211d1a5ac58241e91,student
Romy Petts,rpettsaa@springer.com,0b4052969d164a9707507e5806d228a630ab4827a7bde816ddfe3ba150208452,student
Talyah Dashkov,tdashkovab@typepad.com,376cf6a9f175ff852a530f6ec0ed04e7e7973471c9452d37e46e9bfc4fbab972,student
Arin Culham,aculhamac@virginia.edu,fc5922828daa7c8a365572e096abf225d345c854e064070cf2b254da1aa3f87f,student
Virgil Kinneally,vkinneallyad@jimdo.com,80f076c2dc64db62e07a37f9427e8d53d96f3952a5b2be26da0ec9721b7ce0e8,student
Hilary Sneddon,hsneddonae@accuweather.com,44c20833a6fd763deca6dfb9324dca924b65169deaa876ffe8a247c1bc68b646,student
Llywellyn Eastmond,leastmondaf@nationalgeographic.com,a347a45c249be5a2c44a70337db71ea828df93c475c828a2ae025a64121da81b,student
Kathe Lorkings,klorkingsag@sohu.com,acdb66801e51dbb26b3214acd7c7acc2a93395154f0a0f8423d4cb5819f0e245,student
Beverley Berrecloth,bberreclothah@dagondesign.com,baa031e83c9f047e7ab4526724d7403880bbfb4caf86a212527fb73e756620bb,student
Gilburt Hanretty,ghanrettyai@webmd.com,6081590cc37264c1d5c80d0bc8549ce7e3ed85aa88e01114d7d25b2eea193ffb,student
Graig Claw,gclawaj@youku.com,e50b5bb7d8937ce691d7aa06d3b04bba5fd513636e2057e82689be1c5925e6dc,student
Skipton Kenworthey,skenwortheyak@barnesandnoble.com,38fca06df35521a7d53ec2d8e9a73d9c337794851eabfade9732e127835f7a3b,student
Elfrieda Scarlett,escarlettal@amazon.co.jp,75d6caacc20c5cb9a943c9127948f9d507e5f46c2359539369f3f0f2f962692b,student
Ranice Hebburn,rhebburnam@latimes.com,36f1f561b61c4293d334a439c67c26f153001854e3eb532dbcb390753aadc6a9,student
Beatrix Upham,buphaman@e-recht24.de,271497a10001233b51274ebb44afc2283e90e5471589b62f4351fe35fd8ebd8e,student
Joey McIllroy,jmcillroyao@behance.net,a4ba8a24b4095d9683f98fdcb11318124b9bf0db88c8bc332f460fc95c7c20ad,student
Mel McGeown,mmcgeownap@yandex.ru,a2dbcd55154bac46e2ad6b04a9a9b0525bc281972af530e62b48e148e9eb5a56,student
Ingunna Anthona,ianthonaaq@g.co,e3d3bb881ad883b63de129731860c99a2601f5bb4a75339cf5f75341555f6d9d,student
Eleanore Hanbury-Brown,ehanburybrownar@discovery.com,b09c40bd0cbd34f85c4e175392e9987c6b1c8d6623f17e1d8220410abe741be6,student
Vanna Chatterton,vchattertonat@businessweek.com,078f126e442771b3f56d5c51278b2c4a77ecf59690be753b68ae6d488eebd99b,student
Rich Gain,rgainav@weibo.com,fc9c2d28929dc2ee2f596e69443d8fd79158dcb7c0229e9c1f1f218aa71dbc18,student
Brok Catonnet,bcatonnetaw@netlog.com,2b663ebf752e3549ddf1e53b466e90be0622681242dab687f27fa18c94088a67,student
Benny Dabnor,bdabnorax@alibaba.com,6711dc2481f68b58f0b9cafa307cb6b950116112674a2bba638f6ed6cfc91180,student
Greer Stroud,gstroudaz@wordpress.org,b4e69319ef30d0c0d116f7ad6ddf690de5bc91791e19bfde254d135144017982,student
Guglielma Plaice,gplaiceb0@bigcartel.com,90ca9932586fadd92ce06de62eafd383e8cd756b6e63884d531156b3dfb61779,student
Adey Alexsandrowicz,aalexsandrowiczb1@psu.edu,9bb10fce2b122b8263fe18f2ade4af15c14e60f7ee23bfcd226042471e76938b,student
Barnebas Attarge,battargeb3@addthis.com,fed008d2dc53cecace84eb5535588f3c7bb7e29e3e649eb531385c0c1c72df0f,student
Miner Warrilow,mwarrilowb4@virginia.edu,6b3c452394b6f934680fd43d62d5e6bffa780c620cc79dc2cfb95375db9eb223,student
Celina Carolan,ccarolanb5@amazon.co.uk,342a4ca0c8bedacbf897a54d3e483a71a6191b08b64c6c449082d25863a0ba24,student
Desmund Yanshin,dyanshinb6@wiley.com,a88ebb97852669fc28763baef738dd325c6cd3b788ce7b586806d9ec0e723e0c,student
Madelena Bispham,mbisphamb7@wix.com,9839c89f9d7e7b9c98002dcf5c45a71bdcaaca6c8fe51b1b2f29aa4e0d40dc16,student
Barde Maywood,bmaywoodb9@jimdo.com,80b10b21795c4b2b9e669580d26bf1a037509bbb0566c61dc26bbd0864edad1c,student
Sianna Upcott,supcottba@netlog.com,3a5c9bd18bc9bd5e9faa2752e44038217ccd10194d1bedbd2e00ade68b91a340,student
Linea Pennells,lpennellsbb@dot.gov,d6309f232c99faaa88036de1ba8c6a68e5410f9e2892975486896e3b253ed613,student
Khalil Winton,kwintonbd@amazon.com,c6aa80d19677f61e4e8480f104e9488af9fe32a859767ca5c3a61a549f519ce2,student
Salem Knotton,sknottonbe@va.gov,bb8852818f900ae7c90b9e51cea4e5abad87909df66bcd5dc1000b3b0a274821,student
Danette Hertwell,dhertwellbg@bluehost.com,5d7cc0a34ef81a2bd4c9ba7697b94a280373c372d2afdaa02d2481492d3b75db,student
Adan Mitchinson,amitchinsonbh@tinypic.com,46754b787bdc3acdf3debff41fd3dd52cde2f05354453358e1c63f00cd245b31,student
Richmound Phinnessy,rphinnessybi@youtube.com,12bed74e06da5de1cdb35a88ffba653d90f41cba79c2d925438f8b9c03e25131,student
Blisse Pleavin,bpleavinbj@cmu.edu,4adc5bf071ad3bd183f3e3d0fb05896955ad65c017252c66b3a23dd7c0841831,student
Dana Thoresbie,dthoresbiebk@drupal.org,1c050afdaed49d2881d0923d89b8b41afaa2dde08fb4d6e5d701db413f8f3d42,student
May Glowacki,mglowackibl@google.com.br,0c7b125abcdc36b0f39b64a4d433cb66296d497ca196865af3472966950e4bf7,student
Howie Pluvier,hpluvierbm@people.com.cn,8199a6441cc29b5f238e24f8cc008871ac03505a9e31c4407f8f57ff9975a284,student
Kacie Janowski,kjanowskibn@indiegogo.com,f965f9ebaf7455962d93d02948bdce9b71a55361b3822f1d22d93fef50ff3731,student
Teriann Heims,theimsbo@loc.gov,dd1f850a143a8f85ad43e066d8b89d95650951460fbd034520a9093e027e2ec2,student
Gerek Lockton,glocktonbp@zimbio.com,f7ffcb017590c24ed05b5155af25850170b9345c373e759b6ed1e1afd2a520fb,student
Bernelle Gayther,bgaytherbr@wisc.edu,17c574f69ddb347277fa18ef1d6726aeccb6493d485e83f113db0f815b1ff5d7,student
Tuckie Roderick,troderickbs@scientificamerican.com,8cb5a72e7e2073ac49c5ac1389a39f1d3debd087e9f1b1b25fcca4733784ae09,student
Alis Chenery,achenerybt@slideshare.net,864356c67edfd4914c32848efca41c7fedce3fe07a5a7fe6380838c8410ab93e,student
Sarah Ybarra,sybarrabu@dedecms.com,ccc5c3936c22a995b2fb3ea0cd857799efe71d2e0e974865f5bc4f8a515aa008,student
Giusto Offner,goffnerbv@cyberchimps.com,67ed1bf4e477c0bde96b4c7650339bcac87dc7f8af952dde49ea966ff8c7781b,student
Glynnis Guidini,gguidinibw@bandcamp.com,64b39bcfa940f71d79c749450c075529667995ebfad498e265d07b536903fdbd,student
Natalya MacGarrity,nmacgarritybx@a8.net,f392d7c1252f85e0db133ab961a966c63fdec96dc57390ca9fe8bc88d0197192,student
Desiree Handforth,dhandforthby@tmall.com,e3309026f005e5842e8dfcc72afaf0a457ea1436b9e67395c0bb68b9333d4f5e,student
Odilia Goldie,ogoldiebz@dailymail.co.uk,7a319d05f006f9caa5748a4e4b73e23d89ad2e9ef9c2d4ede66a012c0f8f72c2,student
Torie Kondratenya,tkondratenyac0@oracle.com,42a27b04e4df465e960114d4d2405a8e39b785eafd541f59a302e6ba4b265a84,student
Audie Harrowing,aharrowingc1@ebay.com,da75a089d698ad0b4c170959115496aeadbee64a69b463e243362c5872dc5ea0,student
Ugo Bernuzzi,ubernuzzic2@webnode.com,fe32048515ac929db79fea456a6d0458f51cbacac21f24c282a057f8fba65808,student
Rowen Golde,rgoldec5@dyndns.org,78168b4b519d02c6ce4b879eafd59531cf9275ecb1e2766543fbc2d033604ff1,student
Caron Wetton,cwettonc6@gov.uk,48dc1f7b3c76b196091cf5f15cd0d6b99315be71bc949a9e7a9bcf70f2256502,student
Moritz Tidy,mtidyc7@histats.com,0d90a8ca6d90dd0dccb058499ab911f82fa1e1ad026e84860467dfc36f6d9373,student
Smitty Haythorn,shaythornc8@go.com,a9e1dba13319c1f5b4b27fc2156afcf8e3338a41ef119b3f19aa2c8ca989c962,student
Mela Jay,mjayc9@deliciousdays.com,13ca48842d2907e45593dd007ccb56425e94c6d7e6eaf7ade5bc113b86118253,student
Wilhelm Hallum,whallumca@g.co,b63db01daaf3aca1d57c26c7900d724f0a756883a3eb0a666205c5d613dee53b,student
