name,username,password_hash,type,plaintext_pass
Toby Halahan,thalahan0@uwaterloo.ca,8224feea4e4230e829fff89e8987c983a2baad9cd3752915c993fc291041a9cb,admin,NyLOYwupE6Kp
Sherye Tadman,stadman1@uwaterloo.ca,52b37f8d2e3222c706950487fffb06994a65b4c945b34ee0314804666f841b71,admin,EisBkV7h2s
Margarethe Custy,mcusty2@uwaterloo.ca,c6116a5dedaeef40d8c7589838ceda565f2a881baa97f1a09722d5a0f0013ef9,admin,QppZ1cl0B
Hyman Falconer,hfalconer3@uwaterloo.ca,e40f8528743210a8e48391a8006c7ba816148b3fb0ea4062633268537ffc9e3c,admin,fNjsmp
Virginie Krink,vkrink4@uwaterloo.ca,fa6cbfeb6fe87a88858ccd1a585efa4ca5c85549924c00ad73fcebcaffce4d31,admin,Sfc0G8Y5
Kiri Marielle,kmarielle5@uwaterloo.ca,08605e9741de7cd61313147010dd1c329119d27ccfee940b3f99150450083437,staff,fwDAEHoHGGTo
Marla Lewer,mlewer6@uwaterloo.ca,00ff06f66da8cacf9439d3e722522fb14d82a3092107b0d2584d21d2109f6c3a,staff,ZyzHL3q1t1X
Hilario Dundendale,hdundendale7@uwaterloo.ca,9c5c5fe25ea17266c23f28c15e1a857cd2477fd1ce50d19c3dc27ffc1d08027b,staff,5YJEpQC9
Kissiah Costi,kcosti8@uwaterloo.ca,b44ae361139048aae25c907a50fe712ac48d96c4e087a48dfd8ba87fbe8d011b,staff,2BANxCLT
Viviyan Cristofolini,vcristofolini9@uwaterloo.ca,ad030adb7d215377adcc04e1c0c7044e018dcd4ac269b294f13d7e0f576800a1,staff,QXl421uloBcz
Van Myrkus,vmyrkusa@uwaterloo.ca,ca72c6567ef12a1045e370e860c132dd02fd2dfcc762110cf1ba1368a66620e4,staff,bOUn4ExtvF
Waiter Oxbrough,woxbroughb@uwaterloo.ca,123c5ee63a4f919e3655f6b7a24b6493c7453227d0699abe0a4baf2089c6001e,staff,ixSRyat
Bale O'Connolly,boconnollyc@uwaterloo.ca,7aa2966c9d8055fe626179ebc30aa398eb26c868c19b9e655de7d87c88d26ba1,staff,LX2aAXeqEB
Louis Dand,ldandd@uwaterloo.ca,6ad1e38c3ab696e771f78590e84d996a01690400cabf6e45e878970497d8c41a,staff,tMig2N
Sharron Redmond,sredmonde@uwaterloo.ca,10cae5401cc6099df7ee59d2cb94da45d1adba3e84d31e34e5e0457471b011b4,staff,7D7jMd
Boy Stanbury,bstanburyf@uwaterloo.ca,f9a7710c56062a9b1436a49933350301ea2687746db1784deb3a5bd46b2907f5,staff,PnulD3C
Gerick Langabeer,glangabeerg@uwaterloo.ca,a1ae9b1403b289589862257764d9cd9c2bc78620bfeb4f8a5834a94e557d8418,staff,3Ac98nrXzH
Gussi Toynbee,gtoynbeeh@uwaterloo.ca,dd369e40d294b3494ec143b7194edc804da698ff5b569e8aafa8206787750c43,staff,3qhqQnxBEEh
Jody Desforges,jdesforgesi@uwaterloo.ca,f8a85426c4e581ffea9ae397e88fccb609d191522e0d59fdb6504ea92da7b220,staff,10FyfdC799
Cart Davioud,cdavioudj@uwaterloo.ca,5a206311e45fd096661daabd4fb9013ef0135aef68d058c20d92c18680d89681,staff,RvxRPaar
Palm Snead,psneadk@uwaterloo.ca,99ef0d4bac3d31056fba983917c0ff577e3e2005f7010cb97295e0e493724eaa,student,MntRxW5Lko
Demetrius Furman,dfurmanl@uwaterloo.ca,7231c6800df4350f949679da2359297344a6ce95711842394ecdc6503f3e09e7,student,JXknMkpXav
Erda Middlewick,emiddlewickm@uwaterloo.ca,7bf35bad3ca4a02506a434d62b30e1b7d998b53f30ca0f50f98449af9b9bf25e,student,HhcGfsZVO2l
Morry Smart,msmartn@uwaterloo.ca,aebdb367eb33a5d3923eb6630b8892dd3dbbf4df6b46bc925adb01c674dcae68,student,dmEuSGcx4
Nikolia Deegan,ndeegano@uwaterloo.ca,caf2a22d836dfe765ab1dfa991b2c3f0e25af0a3364dde49e9fca158a7ef698d,student,UtH8xgXfYYN
Amalie Callis,acallisp@uwaterloo.ca,728a7535005190d975b64075c94919cbb8dc618b32c0d1b59e7b7dd818409079,student,KSZ0iXktr
Candide Simoens,csimoensq@uwaterloo.ca,552d96880cc007680a8f71b1fd472b89e4782e9ca916d64d2a9765d1507bbf2b,student,cDQwtwcCb2
Gordan Dowse,gdowser@uwaterloo.ca,89f6f1e49123f36a3bdc5af4afc0dfefb611e6020f632d81d0085fbf8f034313,student,cR3uD6nT
Leonore Melia,lmelias@uwaterloo.ca,630f83cb04e8e695e38a87a85860bafc828a27e72d78c0c66f09fe64a8bbdf8d,student,toVhzUpI
Happy Falla,hfallat@uwaterloo.ca,bff6b8cb499fa1f605ea905573b62317bac2ad5ec3de12740ea880c6664d5779,student,COX5oZJNT6
Philomena Carillo,pcarillou@uwaterloo.ca,4628c7cae6f8cefeb918167ecb72a5cd2026e1e95504fb1daba41d6b8e5bce80,student,ON0cFNCY
Samaria Lafont,slafontv@uwaterloo.ca,5e0ba5c6d221c5d9fcbe946ea6143b86819c5526522dff5aa00e4459d696faae,student,3bwQqEj03v
Yuma Jenkinson,yjenkinsonw@uwaterloo.ca,847fda1e6eda6d89d7bd136281e1b8cb2bb176286282f63d37bce47d04fb3d31,student,PwrTjIA3Z
Ninette Diggar,ndiggarx@uwaterloo.ca,f7920ea6d399c9ee80dcd9df018ec28156f778cee54001c84874b287bd177ea3,student,lApGsMD
Dacy Pleven,dpleveny@uwaterloo.ca,60f11fb3f38832dff4a9561b86c370ebf890c719ad1b7d2884aeaa444c5c64ca,student,ErgPCdBu
Zachery Rabbe,zrabbez@uwaterloo.ca,97645de9bdc836cd7949c14bd26b837aeb35cb85cf70b0613241ba8314547c7d,student,HtarDmcaU
Ash Banbrick,abanbrick10@uwaterloo.ca,5c71f926ae86243624f28fc8d4fde53b26aaace532e96af6436b74a6230ba934,student,G8AxfsUOq
Jesus Newgrosh,jnewgrosh11@uwaterloo.ca,3fbc3c376391098ec90cfb5651f84e4ddcaa59c16dbfd6e0d78c4ad55ca55aaf,student,9jfUAr
Madalyn Sillick,msillick12@uwaterloo.ca,296c41f5fdc76c25b812aff08451c98c57a97a5ad72fe2ef2ceebe72394e089c,student,XnQzAKH
Thelma Kalkhoven,tkalkhoven13@uwaterloo.ca,f077ad2ba75552a6c64407320e1602f3786f66c86264971e44dcdc40fc7dde8f,student,jM8WkdCQy
