name,email,password,type
Toby Halahan,thalahan0,NyLOYwupE6Kp,admin
Sherye Tadman,stadman1,EisBkV7h2s,admin
Margarethe Custy,mcusty2,QppZ1cl0B,admin
Hyman Falconer,hfalconer3,fNjsmp,admin
Virginie Krink,vkrink4,Sfc0G8Y5,admin
Kiri Marielle,kmarielle5,fwDAEHoHGGTo,faculty
Marla Lewer,mlewer6,ZyzHL3q1t1X,faculty
Hilario Dundendale,hdundendale7,5YJEpQC9,faculty
Kissiah Costi,kcosti8,2BANxCLT,faculty
Viviyan Cristofolini,vcristofolini9,QXl421uloBcz,faculty
Van Myrkus,vmyrkusa,bOUn4ExtvF,faculty
Waiter Oxbrough,woxbroughb,ixSRyat,faculty
Bale O'Connolly,boconnollyc,LX2aAXeqEB,faculty
Louis Dand,ldandd,tMig2N,faculty
Sharron Redmond,sredmonde,7D7jMd,faculty
Boy Stanbury,bstanburyf,PnulD3C,faculty
Gerick Langabeer,glangabeerg,3Ac98nrXzH,faculty
Gussi Toynbee,gtoynbeeh,3qhqQnxBEEh,faculty
Jody Desforges,jdesforgesi,10FyfdC799,faculty
Cart Davioud,cdavioudj,RvxRPaar,faculty
Palm Snead,psneadk,MntRxW5Lko,student
Demetrius Furman,dfurmanl,JXknMkpXav,student
Erda Middlewick,emiddlewickm,HhcGfsZVO2l,student
Morry Smart,msmartn,dmEuSGcx4,student
Nikolia Deegan,ndeegano,UtH8xgXfYYN,student
Amalie Callis,acallisp,KSZ0iXktr,student
Candide Simoens,csimoensq,cDQwtwcCb2,student
Gordan Dowse,gdowser,cR3uD6nT,student
Leonore Melia,lmelias,toVhzUpI,student
Happy Falla,hfallat,COX5oZJNT6,student
Philomena Carillo,pcarillou,ON0cFNCY,student
Samaria Lafont,slafontv,3bwQqEj03v,student
Yuma Jenkinson,yjenkinsonw,PwrTjIA3Z,student
Ninette Diggar,ndiggarx,lApGsMD,student
Dacy Pleven,dpleveny,ErgPCdBu,student
Zachery Rabbe,zrabbez,HtarDmcaU,student
Ash Banbrick,abanbrick10,G8AxfsUOq,student
Jesus Newgrosh,jnewgrosh11,9jfUAr,student
Madalyn Sillick,msillick12,XnQzAKH,student
Thelma Kalkhoven,tkalkhoven13,jM8WkdCQy,student